,obs_id,SiteId_x,Timestamp_x,ForecastId,Value,Date,Holiday,SiteId_y,Timestamp_y,SiteId,Temperature,HolidayCode,date_numeric
0,6038546.0,1.0,2014-09-09,1.0,3266903.91769804,2014-09-09,,,2014-09-09,1.0,20.925,0,20140909
1,7855117.0,1.0,2014-09-18,1.0,1513721.7344672228,2014-09-18,,,2014-09-18,1.0,12.96206896551724,0,20140918
2,2088236.0,1.0,2014-09-13,1.0,1040528.6001987156,2014-09-13,,,2014-09-13,1.0,11.065151515151515,0,20140913
3,882799.0,1.0,2014-09-19,1.0,2015528.3234096125,2014-09-19,,,2014-09-19,1.0,12.684745762711868,0,20140919
4,1678042.0,1.0,2014-10-19,1.0,1381189.8363569304,2014-10-19,,,2014-10-19,1.0,7.164999999999997,0,20141019
5,5011663.0,1.0,2017-05-24,4.0,5925648.087543272,2017-05-24,,,2017-05-24,1.0,15.33026315789474,0,20170524
6,6655789.0,1.0,2017-03-05,3.0,919183.5539489844,2017-03-05,,,2017-03-05,1.0,1.3378378378378375,0,20170305
7,2835228.0,1.0,2017-07-13,4.0,6542887.295184572,2017-07-13,,,2017-07-13,1.0,24.919444444444448,0,20170713
8,3407690.0,1.0,2017-01-09,3.0,6324262.209408036,2017-01-09,,,2017-01-09,1.0,-3.6025,0,20170109
9,4552356.0,1.0,2017-02-12,3.0,1485677.3311313419,2017-02-12,,,2017-02-12,1.0,2.3782608695652177,0,20170212
10,7115229.0,1.0,2016-12-19,3.0,1200241.0214799577,2016-12-19,,,2016-12-19,1.0,-12.21904761904762,0,20161219
11,5788898.0,1.0,2016-12-23,3.0,1947916.623418636,2016-12-23,Christmas Eve (Observed),1.0,2016-12-23,1.0,0.14230769230769227,13,20161223
12,5617511.0,1.0,2017-07-14,4.0,3991540.865953782,2017-07-14,,,2017-07-14,1.0,23.22615384615385,0,20170714
13,2773225.0,1.0,2017-08-04,4.0,3109762.5305957324,2017-08-04,,,2017-08-04,1.0,20.02916666666666,0,20170804
14,2166321.0,1.0,2015-11-24,2.0,6634684.4695911985,2015-11-24,,,2015-11-24,1.0,0.9901515151515152,0,20151124
15,1041670.0,1.0,2016-05-03,3.0,9198875.766558733,2016-05-03,,,2016-05-03,1.0,11.154999999999998,0,20160503
16,6037281.0,1.0,2016-04-21,3.0,6458991.850359939,2016-04-21,,,2016-04-21,1.0,13.099999999999998,0,20160421
17,5455341.0,1.0,2016-05-16,3.0,9321098.166333763,2016-05-16,,,2016-05-16,1.0,13.611666666666665,0,20160516
18,6121267.0,1.0,2015-08-07,1.0,7286468.184396538,2015-08-07,,,2015-08-07,1.0,20.906779661016948,0,20150807
19,4233833.0,1.0,2016-01-02,2.0,2109149.949320524,2016-01-02,,,2016-01-02,1.0,-0.16166666666666668,0,20160102
20,7626011.0,1.0,2016-03-28,3.0,2028436.595195157,2016-03-28,,,2016-03-28,1.0,6.484126984126982,0,20160328
21,721493.0,1.0,2015-12-17,2.0,4385004.9939545775,2015-12-17,,,2015-12-17,1.0,2.0,0,20151217
22,845538.0,1.0,2015-11-10,2.0,7998443.740381758,2015-11-10,,,2015-11-10,1.0,7.309027777777778,0,20151110
23,6759936.0,1.0,2015-08-16,1.0,4077504.867870592,2015-08-16,,,2015-08-16,1.0,25.052380952380954,0,20150816
24,2825324.0,1.0,2016-05-23,3.0,9314843.356919417,2016-05-23,,,2016-05-23,1.0,16.44333333333334,0,20160523
25,4401769.0,1.0,2016-06-01,3.0,8059400.392900319,2016-06-01,,,2016-06-01,1.0,20.376666666666665,0,20160601
26,5008290.0,1.0,2016-06-21,3.0,7223058.191464631,2016-06-21,,,2016-06-21,1.0,22.059677419354834,0,20160621
27,326202.0,1.0,2016-10-11,3.0,9164864.249679942,2016-10-11,,,2016-10-11,1.0,13.874603174603171,0,20161011
28,6764805.0,1.0,2016-08-13,3.0,1328810.1665401044,2016-08-13,,,2016-08-13,1.0,25.128571428571423,0,20160813
29,5008494.0,1.0,2016-08-24,3.0,2417583.700023124,2016-08-24,,,2016-08-24,1.0,24.100000000000005,0,20160824
30,318813.0,1.0,2016-11-01,3.0,1685171.0377323863,2016-11-01,,,2016-11-01,1.0,16.342857142857145,0,20161101
31,3659859.0,1.0,2016-09-05,3.0,1324882.2857168,2016-09-05,Labor Day,1.0,2016-09-05,1.0,22.376190476190477,4,20160905
32,851750.0,1.0,2016-10-17,3.0,2996521.314333549,2016-10-17,,,2016-10-17,1.0,22.273846153846158,0,20161017
33,157995.0,1.0,2016-12-15,3.0,1060231.40836404,2016-12-15,,,2016-12-15,1.0,-12.052857142857144,0,20161215
34,3901954.0,1.0,2014-10-16,1.0,5171704.202829871,2014-10-16,,,2014-10-16,1.0,14.138461538461534,0,20141016
35,3136338.0,1.0,2015-01-02,1.0,4540111.507365635,2015-01-02,,,2015-01-02,1.0,-1.5533333333333337,0,20150102
36,3768075.0,1.0,2015-01-06,1.0,5532418.554523043,2015-01-06,,,2015-01-06,1.0,-10.438028169014084,0,20150106
37,2652810.0,1.0,2014-11-08,1.0,2181902.92511876,2014-11-08,,,2014-11-08,1.0,4.900000000000001,0,20141108
38,3765097.0,1.0,2014-11-28,1.0,1611110.3534276034,2014-11-28,Thanksgiving Friday,1.0,2014-11-28,1.0,-3.3787878787878785,0,20141128
39,4354786.0,1.0,2014-12-19,1.0,1649033.1075668875,2014-12-19,,,2014-12-19,1.0,-3.1474576271186434,0,20141219
40,7272961.0,1.0,2015-01-17,1.0,1468610.1500196694,2015-01-17,,,2015-01-17,1.0,1.413333333333333,0,20150117
41,6436749.0,1.0,2015-02-27,1.0,3703810.914836973,2015-02-27,,,2015-02-27,1.0,-12.306716417910446,0,20150227
42,1861782.0,1.0,2014-12-30,1.0,2299568.1588861253,2014-12-30,,,2014-12-30,1.0,-6.85942028985507,0,20141230
43,1173421.0,1.0,2014-12-14,1.0,1551832.323101084,2014-12-14,,,2014-12-14,1.0,7.704687500000001,0,20141214
44,1307455.0,1.0,2015-07-05,1.0,2759536.7936756858,2015-07-05,,,2015-07-05,1.0,21.60169491525423,0,20150705
45,6460107.0,1.0,2015-05-31,1.0,8164959.4160994915,2015-05-31,,,2015-05-31,1.0,10.139583333333333,0,20150531
46,245155.0,1.0,2015-06-25,1.0,2602706.8789631203,2015-06-25,,,2015-06-25,1.0,19.83333333333333,0,20150625
47,6967618.0,1.0,2015-04-14,1.0,7631399.286966283,2015-04-14,,,2015-04-14,1.0,11.681818181818185,0,20150414
48,3558270.0,1.0,2015-06-19,1.0,6018729.986488752,2015-06-19,,,2015-06-19,1.0,17.301639344262295,0,20150619
49,4982315.0,1.0,2015-07-24,1.0,8267895.096779464,2015-07-24,,,2015-07-24,1.0,24.679661016949147,0,20150724
50,3437223.0,1.0,2015-06-17,1.0,8313367.688029886,2015-06-17,,,2015-06-17,1.0,19.063076923076924,0,20150617
51,4861511.0,1.0,2015-07-25,1.0,8559126.536491383,2015-07-25,,,2015-07-25,1.0,24.591780821917816,0,20150725
52,6960508.0,1.0,2015-04-02,1.0,2648832.531916206,2015-04-02,,,2015-04-02,1.0,10.881944444444445,0,20150402
53,790898.0,1.0,2015-04-25,1.0,1646282.164399477,2015-04-25,,,2015-04-25,1.0,6.272881355932201,0,20150425
54,4983942.0,1.0,2014-10-17,1.0,5121836.1258962285,2014-10-17,,,2014-10-17,1.0,13.451515151515153,0,20141017
55,403502.0,1.0,2014-10-15,1.0,4445968.779428628,2014-10-15,,,2014-10-15,1.0,14.762686567164176,0,20141015
56,5427741.0,1.0,2014-10-02,1.0,2358238.3028947525,2014-10-02,,,2014-10-02,1.0,17.37323943661972,0,20141002
57,3604863.0,1.0,2014-12-15,1.0,1695346.5950145503,2014-12-15,,,2014-12-15,1.0,5.452307692307691,0,20141215
58,3661148.0,1.0,2014-12-25,1.0,1556297.5532379881,2014-12-25,Christmas Day,1.0,2014-12-25,1.0,2.803278688524589,25,20141225
59,6914129.0,1.0,2014-10-21,1.0,6119766.715907098,2014-10-21,,,2014-10-21,1.0,8.134782608695652,0,20141021
60,3625268.0,1.0,2014-09-08,1.0,1964877.99902387,2014-09-08,,,2014-09-08,1.0,19.36779661016949,0,20140908
61,829135.0,1.0,2014-09-21,1.0,4235357.965420706,2014-09-21,,,2014-09-21,1.0,15.387931034482756,0,20140921
62,4074941.0,1.0,2015-04-01,1.0,5485597.8346849615,2015-04-01,,,2015-04-01,1.0,4.881666666666667,0,20150401
63,1182470.0,1.0,2015-03-06,1.0,5276110.06489145,2015-03-06,,,2015-03-06,1.0,-8.75333333333333,0,20150306
64,5005138.0,1.0,2014-11-26,1.0,1626155.3416577866,2014-11-26,,,2014-11-26,1.0,-0.19354838709677416,0,20141126
65,6156667.0,1.0,2015-01-24,1.0,1485184.3646519037,2015-01-24,,,2015-01-24,1.0,-0.12361111111111113,0,20150124
66,6927544.0,1.0,2015-04-15,1.0,6321954.3020316325,2015-04-15,,,2015-04-15,1.0,11.225925925925926,0,20150415
67,6717664.0,1.0,2014-11-10,1.0,4756992.189249499,2014-11-10,,,2014-11-10,1.0,9.164406779661014,0,20141110
69,2598258.0,1.0,2015-05-06,1.0,7181764.7195808925,2015-05-06,,,2015-05-06,1.0,14.270588235294118,0,20150506
70,2866008.0,1.0,2015-05-09,1.0,7974890.7213529125,2015-05-09,,,2015-05-09,1.0,19.50806451612904,0,20150509
71,4473166.0,1.0,2015-04-22,1.0,5989702.027845825,2015-04-22,,,2015-04-22,1.0,3.6338235294117647,0,20150422
72,2769146.0,1.0,2015-05-18,1.0,7303637.604536902,2015-05-18,,,2015-05-18,1.0,23.2265625,0,20150518
73,462794.0,1.0,2015-05-08,1.0,9511005.973306507,2015-05-08,,,2015-05-08,1.0,21.743333333333336,0,20150508
74,1272489.0,1.0,2015-04-13,1.0,3086019.29942048,2015-04-13,,,2015-04-13,1.0,14.197810218978095,0,20150413
75,2391967.0,1.0,2015-05-17,1.0,1925092.7509510173,2015-05-17,,,2015-05-17,1.0,20.41794871794873,0,20150517
76,1516088.0,1.0,2015-05-02,1.0,1878974.230953421,2015-05-02,,,2015-05-02,1.0,15.581666666666667,0,20150502
77,69728.0,1.0,2015-04-11,1.0,1374352.5022442092,2015-04-11,,,2015-04-11,1.0,7.918032786885247,0,20150411
78,353624.0,1.0,2015-03-26,1.0,6682880.2647376815,2015-03-26,,,2015-03-26,1.0,3.3470588235294123,0,20150326
79,1000973.0,1.0,2014-11-09,1.0,2171472.959090776,2014-11-09,,,2014-11-09,1.0,5.1661016949152545,0,20141109
80,4114748.0,1.0,2014-09-10,1.0,2926094.4745757496,2014-09-10,,,2014-09-10,1.0,22.08166666666666,0,20140910
81,4289315.0,1.0,2014-10-01,1.0,2445637.6139663253,2014-10-01,,,2014-10-01,1.0,14.81269841269841,0,20141001
82,5426189.0,1.0,2015-03-15,1.0,2244787.0607209112,2015-03-15,,,2015-03-15,1.0,4.44,0,20150315
83,5327620.0,1.0,2014-09-26,1.0,4778401.358878217,2014-09-26,,,2014-09-26,1.0,16.445588235294114,0,20140926
84,3794181.0,1.0,2015-03-21,1.0,1702978.0648385212,2015-03-21,,,2015-03-21,1.0,3.3676923076923075,0,20150321
85,7684808.0,1.0,2014-09-24,1.0,5536844.157129446,2014-09-24,,,2014-09-24,1.0,16.263934426229508,0,20140924
86,4162804.0,1.0,2015-02-04,1.0,2560851.488696872,2015-02-04,,,2015-02-04,1.0,-4.7653846153846136,0,20150204
88,6507783.0,1.0,2015-12-09,2.0,7685263.404075692,2015-12-09,,,2015-12-09,1.0,6.301694915254238,0,20151209
89,4140298.0,1.0,2015-10-28,2.0,6246689.733350214,2015-10-28,,,2015-10-28,1.0,13.384210526315794,0,20151028
90,2731076.0,1.0,2015-12-15,2.0,7361142.699148787,2015-12-15,,,2015-12-15,1.0,6.249122807017543,0,20151215
91,6383938.0,1.0,2015-05-22,1.0,7277796.095621598,2015-05-22,,,2015-05-22,1.0,12.839344262295086,0,20150522
92,2440320.0,1.0,2015-08-10,1.0,8981652.702811336,2015-08-10,,,2015-08-10,1.0,22.3483870967742,0,20150810
93,3735282.0,1.0,2015-07-23,1.0,7981088.46712334,2015-07-23,,,2015-07-23,1.0,22.92280701754386,0,20150723
94,467361.0,1.0,2015-08-03,1.0,6664776.031152785,2015-08-03,,,2015-08-03,1.0,22.030508474576283,0,20150803
95,4161530.0,1.0,2015-06-07,1.0,2722623.749013579,2015-06-07,,,2015-06-07,1.0,20.767692307692304,0,20150607
96,872198.0,1.0,2015-06-28,1.0,1920228.8678572685,2015-06-28,,,2015-06-28,1.0,18.419999999999995,0,20150628
97,3687920.0,1.0,2016-06-15,3.0,8968373.517340299,2016-06-15,,,2016-06-15,1.0,21.140625,0,20160615
98,2357406.0,1.0,2016-06-20,3.0,8869475.88201842,2016-06-20,,,2016-06-20,1.0,27.24375,0,20160620
99,3342002.0,1.0,2015-12-31,2.0,4404394.74462894,2015-12-31,New Years Eve,1.0,2015-12-31,1.0,-0.472289156626506,16,20151231
100,5317109.0,1.0,2016-07-20,3.0,2058557.4811293143,2016-07-20,,,2016-07-20,1.0,22.9390625,0,20160720
101,3123787.0,1.0,2016-07-10,3.0,1476493.254662324,2016-07-10,,,2016-07-10,1.0,22.73333333333333,0,20160710
102,3027785.0,1.0,2015-12-18,2.0,2863037.562940612,2015-12-18,,,2015-12-18,1.0,-1.29375,0,20151218
103,6545942.0,1.0,2016-01-05,2.0,5913812.136733095,2016-01-05,,,2016-01-05,1.0,-5.4403225806451605,0,20160105
104,245494.0,1.0,2016-06-29,3.0,2152701.397892236,2016-06-29,,,2016-06-29,1.0,20.525352112676057,0,20160629
105,7485666.0,1.0,2017-06-04,4.0,8346072.288952737,2017-06-04,,,2017-06-04,1.0,22.689999999999994,0,20170604
106,4594397.0,1.0,2017-06-15,4.0,6520905.111464805,2017-06-15,,,2017-06-15,1.0,23.429333333333336,0,20170615
107,4275968.0,1.0,2017-07-09,4.0,7843298.788266114,2017-07-09,,,2017-07-09,1.0,22.136507936507936,0,20170709
108,3110838.0,1.0,2017-01-17,3.0,6477907.655769505,2017-01-17,,,2017-01-17,1.0,4.31125,0,20170117
109,697790.0,1.0,2017-06-07,4.0,7753838.845608465,2017-06-07,,,2017-06-07,1.0,16.59354838709677,0,20170607
110,5667640.0,1.0,2017-06-14,4.0,8741859.38279153,2017-06-14,,,2017-06-14,1.0,23.200000000000006,0,20170614
111,5554057.0,1.0,2017-02-20,3.0,1074498.9044457846,2017-02-20,Washington's Birthday,1.0,2017-02-20,1.0,3.8705882352941163,5,20170220
112,7221612.0,1.0,2017-05-28,4.0,4653609.1137501635,2017-05-28,,,2017-05-28,1.0,17.765384615384615,0,20170528
113,6260446.0,1.0,2017-06-17,4.0,2409425.1840434843,2017-06-17,,,2017-06-17,1.0,26.601470588235298,0,20170617
114,590873.0,1.0,2017-07-16,4.0,1738443.912086715,2017-07-16,,,2017-07-16,1.0,21.959375,0,20170716
115,7551797.0,1.0,2016-10-09,3.0,7919805.283753446,2016-10-09,,,2016-10-09,1.0,10.182539682539684,0,20161009
116,2477464.0,1.0,2016-12-31,3.0,4665858.775978774,2016-12-31,New Years Eve,1.0,2016-12-31,1.0,3.9288461538461537,16,20161231
117,3829227.0,1.0,2017-01-03,3.0,7962522.1765327975,2017-01-03,,,2017-01-03,1.0,3.8647727272727295,0,20170103
118,6589299.0,1.0,2016-10-30,3.0,1499784.7319898603,2016-10-30,,,2016-10-30,1.0,9.353246753246756,0,20161030
119,3064775.0,1.0,2016-11-10,3.0,1055782.8217899464,2016-11-10,,,2016-11-10,1.0,10.877777777777775,0,20161110
120,5387045.0,1.0,2016-12-25,3.0,1630473.9499318353,2016-12-25,Christmas Day,1.0,2016-12-25,1.0,1.1753623188405802,25,20161225
121,7714243.0,1.0,2016-10-16,3.0,1769488.9120321663,2016-10-16,,,2016-10-16,1.0,18.576470588235296,0,20161016
122,4879051.0,1.0,2016-12-16,3.0,1014632.0090160136,2016-12-16,,,2016-12-16,1.0,-7.828260869565216,0,20161216
123,506266.0,1.0,2016-11-03,3.0,1329747.753911769,2016-11-03,,,2016-11-03,1.0,12.096969696969696,0,20161103
124,1537808.0,1.0,2016-11-09,3.0,1178300.842942521,2016-11-09,,,2016-11-09,1.0,6.971641791044773,0,20161109
125,7308036.0,1.0,2016-09-29,3.0,9725524.854372485,2016-09-29,,,2016-09-29,1.0,16.05851063829787,0,20160929
126,3323168.0,1.0,2016-08-03,3.0,1985274.2889729696,2016-08-03,,,2016-08-03,1.0,25.04761904761905,0,20160803
127,3879786.0,1.0,2016-08-31,3.0,1467555.6614330257,2016-08-31,,,2016-08-31,1.0,21.85,0,20160831
128,5337764.0,1.0,2016-08-17,3.0,1350095.6982736571,2016-08-17,,,2016-08-17,1.0,22.677611940298508,0,20160817
129,4909671.0,1.0,2016-07-22,3.0,2282683.6606900645,2016-07-22,,,2016-07-22,1.0,28.9953125,0,20160722
130,4613605.0,1.0,2016-08-30,3.0,1497371.415382322,2016-08-30,,,2016-08-30,1.0,24.008333333333322,0,20160830
131,4977291.0,1.0,2016-08-26,3.0,1458022.070144985,2016-08-26,,,2016-08-26,1.0,23.26190476190476,0,20160826
132,1784486.0,1.0,2016-07-30,3.0,1948652.9029353538,2016-07-30,,,2016-07-30,1.0,22.740506329113927,0,20160730
133,331165.0,1.0,2016-08-09,3.0,1318433.301402993,2016-08-09,,,2016-08-09,1.0,25.06290322580645,0,20160809
134,2614295.0,1.0,2016-09-10,3.0,1384963.169811279,2016-09-10,,,2016-09-10,1.0,21.477631578947364,0,20160910
135,180731.0,1.0,2017-07-23,4.0,5019414.018011551,2017-07-23,,,2017-07-23,1.0,23.239705882352933,0,20170723
136,3715263.0,1.0,2017-08-14,4.0,2391621.3271397897,2017-08-14,,,2017-08-14,1.0,22.245312500000004,0,20170814
137,3951201.0,1.0,2016-05-20,3.0,8305416.027759463,2016-05-20,,,2016-05-20,1.0,15.52833333333333,0,20160520
138,4145974.0,1.0,2016-04-22,3.0,4751146.732225229,2016-04-22,,,2016-04-22,1.0,10.352941176470589,0,20160422
139,2281829.0,1.0,2015-11-19,2.0,8142325.755778277,2015-11-19,,,2015-11-19,1.0,8.123484848484848,0,20151119
140,5142824.0,1.0,2015-12-29,2.0,8297046.693317558,2015-12-29,,,2015-12-29,1.0,3.7112903225806457,0,20151229
141,2788064.0,1.0,2016-07-08,3.0,1707219.7957033971,2016-07-08,,,2016-07-08,1.0,23.825757575757574,0,20160708
142,2680013.0,1.0,2016-04-01,3.0,1837985.8910545446,2016-04-01,,,2016-04-01,1.0,7.679032258064514,0,20160401
143,129577.0,1.0,2016-05-01,3.0,2518326.3931651483,2016-05-01,,,2016-05-01,1.0,9.183561643835617,0,20160501
144,2636300.0,1.0,2016-07-25,3.0,2527695.926476913,2016-07-25,,,2016-07-25,1.0,27.51492537313432,0,20160725
145,49328.0,1.0,2016-01-16,2.0,2852884.989626138,2016-01-16,,,2016-01-16,1.0,-0.9514705882352944,0,20160116
146,163685.0,1.0,2016-07-23,3.0,2246339.667365958,2016-07-23,,,2016-07-23,1.0,27.19032258064517,0,20160723
147,2431912.0,1.0,2015-01-26,1.0,3875893.4660395496,2015-01-26,,,2015-01-26,1.0,-9.460655737704917,0,20150126
148,3989850.0,1.0,2015-02-11,1.0,4989159.98357491,2015-02-11,,,2015-02-11,1.0,-3.068181818181817,0,20150211
149,558644.0,1.0,2015-02-19,1.0,6787379.647771242,2015-02-19,,,2015-02-19,1.0,-18.34098360655738,0,20150219
150,2476345.0,1.0,2015-01-27,1.0,6067093.00981395,2015-01-27,,,2015-01-27,1.0,-7.789830508474576,0,20150127
151,6397114.0,1.0,2014-12-27,1.0,1725142.5351985958,2014-12-27,,,2014-12-27,1.0,6.097101449275364,0,20141227
152,6541993.0,1.0,2015-02-23,1.0,5246696.926652048,2015-02-23,,,2015-02-23,1.0,-16.193650793650793,0,20150223
153,5859168.0,1.0,2015-02-25,1.0,5775637.278279398,2015-02-25,,,2015-02-25,1.0,-11.557377049180328,0,20150225
154,6643088.0,1.0,2015-03-05,1.0,5437229.263505493,2015-03-05,,,2015-03-05,1.0,-11.755172413793106,0,20150305
155,862527.0,1.0,2015-02-02,1.0,1624212.800112605,2015-02-02,,,2015-02-02,1.0,-10.500000000000002,0,20150202
156,5869523.0,1.0,2015-01-01,1.0,2320088.8792810002,2015-01-01,New year,1.0,2015-01-01,1.0,-3.526666666666668,11,20150101
157,5437040.0,1.0,2015-04-21,1.0,7355112.974107685,2015-04-21,,,2015-04-21,1.0,7.620289855072461,0,20150421
158,7071403.0,1.0,2015-04-30,1.0,7602039.249617754,2015-04-30,,,2015-04-30,1.0,10.047252747252749,0,20150430
159,1246390.0,1.0,2015-07-26,1.0,8247390.22739679,2015-07-26,,,2015-07-26,1.0,24.308333333333334,0,20150726
160,1860724.0,1.0,2015-07-30,1.0,7939229.90665465,2015-07-30,,,2015-07-30,1.0,25.17878787878788,0,20150730
161,7625805.0,1.0,2015-03-16,1.0,6150053.244918752,2015-03-16,,,2015-03-16,1.0,10.347540983606557,0,20150316
162,6405279.0,1.0,2015-04-07,1.0,2102433.8754511373,2015-04-07,,,2015-04-07,1.0,6.508333333333336,0,20150407
163,2962903.0,1.0,2015-07-03,1.0,2783464.689143076,2015-07-03,Independence Day (Observed),1.0,2015-07-03,1.0,17.918333333333337,12,20150703
164,7452737.0,1.0,2015-03-30,1.0,6692138.04841343,2015-03-30,,,2015-03-30,1.0,6.933802816901407,0,20150330
165,2215400.0,1.0,2015-06-29,1.0,2835108.079443185,2015-06-29,,,2015-06-29,1.0,20.14,0,20150629
166,5339974.0,1.0,2015-06-06,1.0,4100664.781796864,2015-06-06,,,2015-06-06,1.0,15.739655172413787,0,20150606
167,5295412.0,1.0,2017-01-14,3.0,7858251.048074922,2017-01-14,,,2017-01-14,1.0,-3.355384615384615,0,20170114
168,2201815.0,1.0,2017-06-08,4.0,8207964.0047502825,2017-06-08,,,2017-06-08,1.0,17.953030303030307,0,20170608
169,2365206.0,1.0,2017-06-12,4.0,7582913.418296531,2017-06-12,,,2017-06-12,1.0,28.00156249999999,0,20170612
170,555907.0,1.0,2017-02-19,3.0,999098.8096100524,2017-02-19,,,2017-02-19,1.0,7.836507936507937,0,20170219
171,6484353.0,1.0,2017-01-13,3.0,7806503.833644901,2017-01-13,,,2017-01-13,1.0,-5.064814814814816,0,20170113
172,3731730.0,1.0,2017-08-03,4.0,5558992.77647732,2017-08-03,,,2017-08-03,1.0,23.601449275362317,0,20170803
173,7503996.0,1.0,2017-01-27,3.0,2106460.0325500853,2017-01-27,,,2017-01-27,1.0,-1.0686567164179108,0,20170127
174,887837.0,1.0,2017-02-14,3.0,1625415.0993880194,2017-02-14,,,2017-02-14,1.0,3.7901408450704235,0,20170214
175,1932532.0,1.0,2017-01-22,3.0,2062311.7933690224,2017-01-22,,,2017-01-22,1.0,5.011267605633803,0,20170122
176,3193071.0,1.0,2017-08-06,4.0,2069478.828535516,2017-08-06,,,2017-08-06,1.0,20.443076923076926,0,20170806
177,5425358.0,1.0,2016-10-04,3.0,8349851.962811967,2016-10-04,,,2016-10-04,1.0,17.422727272727276,0,20161004
178,5300228.0,1.0,2016-09-22,3.0,8591179.660812791,2016-09-22,,,2016-09-22,1.0,23.542647058823533,0,20160922
179,3662865.0,1.0,2016-09-18,3.0,6307182.743761907,2016-09-18,,,2016-09-18,1.0,20.79367088607595,0,20160918
180,2038975.0,1.0,2016-12-13,3.0,978484.5682431944,2016-12-13,,,2016-12-13,1.0,-5.700934579439254,0,20161213
181,3471559.0,1.0,2016-08-10,3.0,1381215.9905270613,2016-08-10,,,2016-08-10,1.0,27.19206349206349,0,20160810
182,4088821.0,1.0,2016-08-21,3.0,1320408.3375231856,2016-08-21,,,2016-08-21,1.0,20.546268656716414,0,20160821
183,6010587.0,1.0,2016-08-28,3.0,1576716.034604169,2016-08-28,,,2016-08-28,1.0,23.95942028985507,0,20160828
184,7195974.0,1.0,2016-10-14,3.0,4220043.509983113,2016-10-14,,,2016-10-14,1.0,10.3953125,0,20161014
185,7137531.0,1.0,2016-10-26,3.0,1642374.0973414232,2016-10-26,,,2016-10-26,1.0,5.862857142857143,0,20161026
186,6006734.0,1.0,2017-01-06,3.0,4982753.004443435,2017-01-06,,,2017-01-06,1.0,-12.047887323943666,0,20170106
187,2687479.0,1.0,2017-06-13,4.0,6840738.910142064,2017-06-13,,,2017-06-13,1.0,24.12272727272727,0,20170613
188,4853895.0,1.0,2017-06-30,4.0,6996785.784851921,2017-06-30,,,2017-06-30,1.0,22.387804878048787,0,20170630
189,1523102.0,1.0,2017-05-25,4.0,6036873.05505354,2017-05-25,,,2017-05-25,1.0,14.497530864197532,0,20170525
190,559301.0,1.0,2017-07-04,4.0,7913589.309318988,2017-07-04,Independence Day,1.0,2017-07-04,1.0,21.2640625,7,20170704
191,6969485.0,1.0,2017-08-02,4.0,6947602.471645342,2017-08-02,,,2017-08-02,1.0,23.22463768115941,0,20170802
192,1140221.0,1.0,2017-06-22,4.0,2774836.9832022986,2017-06-22,,,2017-06-22,1.0,23.560240963855424,0,20170622
194,2294629.0,1.0,2015-11-13,2.0,4643423.2533100685,2015-11-13,,,2015-11-13,1.0,5.0216783216783245,0,20151113
195,3405899.0,1.0,2015-11-18,2.0,7981327.817407569,2015-11-18,,,2015-11-18,1.0,14.826573426573422,0,20151118
196,3240721.0,1.0,2015-11-21,2.0,7131389.410256831,2015-11-21,,,2015-11-21,1.0,0.16644295302013426,0,20151121
197,5439063.0,1.0,2015-12-04,2.0,4102492.403503591,2015-12-04,,,2015-12-04,1.0,2.424137931034483,0,20151204
198,4821098.0,1.0,2015-06-01,1.0,6195767.564105231,2015-06-01,,,2015-06-01,1.0,12.133333333333333,0,20150601
199,6908415.0,1.0,2016-01-03,2.0,2148702.9800646384,2016-01-03,,,2016-01-03,1.0,-1.0733333333333333,0,20160103
200,7087481.0,1.0,2016-01-06,2.0,6426964.880208663,2016-01-06,,,2016-01-06,1.0,-1.7749999999999997,0,20160106
201,731785.0,1.0,2015-12-07,2.0,7224543.431307825,2015-12-07,,,2015-12-07,1.0,0.8808823529411763,0,20151207
202,7779015.0,1.0,2015-07-31,1.0,4163317.492620888,2015-07-31,,,2015-07-31,1.0,25.06172839506173,0,20150731
203,770649.0,1.0,2015-04-26,1.0,2191014.0869316543,2015-04-26,,,2015-04-26,1.0,7.2542372881355925,0,20150426
204,2406237.0,1.0,2014-11-16,1.0,2828252.5166664333,2014-11-16,,,2014-11-16,1.0,-0.4308823529411765,0,20141116
205,2258479.0,1.0,2014-11-03,1.0,3366054.376664515,2014-11-03,,,2014-11-03,1.0,10.71,0,20141103
206,1668034.0,1.0,2014-11-12,1.0,5619572.174905507,2014-11-12,,,2014-11-12,1.0,0.8621212121212122,0,20141112
207,4327787.0,1.0,2014-11-14,1.0,6342627.19214363,2014-11-14,,,2014-11-14,1.0,-1.3935483870967742,0,20141114
208,6127737.0,1.0,2014-10-25,1.0,3251078.2671169783,2014-10-25,,,2014-10-25,1.0,13.973333333333331,0,20141025
209,4415264.0,1.0,2014-11-21,1.0,1658124.4556145319,2014-11-21,,,2014-11-21,1.0,-6.00655737704918,0,20141121
210,2650418.0,1.0,2015-01-11,1.0,2355653.795355447,2015-01-11,,,2015-01-11,1.0,-2.526666666666667,0,20150111
211,3020904.0,1.0,2015-01-19,1.0,1587642.137314031,2015-01-19,,,2015-01-19,1.0,-1.03125,0,20150119
212,74102.0,1.0,2014-11-23,1.0,1506787.7091800782,2014-11-23,,,2014-11-23,1.0,8.741558441558443,0,20141123
213,971217.0,1.0,2015-04-24,1.0,2108206.02154398,2015-04-24,,,2015-04-24,1.0,5.308333333333335,0,20150424
214,6847364.0,1.0,2016-05-14,3.0,7664955.879794917,2016-05-14,,,2016-05-14,1.0,7.9828125,0,20160514
215,1304268.0,1.0,2016-12-04,3.0,915859.5966905222,2016-12-04,,,2016-12-04,1.0,2.4645569620253167,0,20161204
216,7568768.0,1.0,2017-01-16,3.0,7669564.561592237,2017-01-16,,,2017-01-16,1.0,-0.8289473684210525,0,20170116
217,447832.0,1.0,2016-05-28,3.0,5607608.623447116,2016-05-28,,,2016-05-28,1.0,23.920634920634928,0,20160528
218,2388819.0,1.0,2016-04-14,3.0,9098205.19552222,2016-04-14,,,2016-04-14,1.0,6.281666666666667,0,20160414
219,3316681.0,1.0,2016-11-23,3.0,971039.3478125808,2016-11-23,,,2016-11-23,1.0,3.072727272727272,0,20161123
220,6703839.0,1.0,2016-05-21,3.0,8869987.8697125,2016-05-21,,,2016-05-21,1.0,15.788709677419353,0,20160521
221,2320659.0,1.0,2016-11-11,3.0,953183.9751192344,2016-11-11,Veterans Day,1.0,2016-11-11,1.0,3.4416666666666664,2,20161111
222,7336429.0,1.0,2016-07-15,3.0,6440756.053373779,2016-07-15,,,2016-07-15,1.0,22.644776119402987,0,20160715
223,5848154.0,1.0,2017-01-23,3.0,2371474.690632849,2017-01-23,,,2017-01-23,1.0,3.8074074074074065,0,20170123
224,6544130.0,1.0,2014-10-11,1.0,1590463.6174857344,2014-10-11,,,2014-10-11,1.0,8.69,0,20141011
225,6827250.0,1.0,2014-10-04,1.0,1377485.454805654,2014-10-04,,,2014-10-04,1.0,7.22295081967213,0,20141004
227,6761465.0,1.0,2017-02-24,3.0,940589.5533752614,2017-02-24,,,2017-02-24,1.0,10.304999999999996,0,20170224
228,4202599.0,1.0,2017-07-11,4.0,7212563.2362866225,2017-07-11,,,2017-07-11,1.0,23.54814814814815,0,20170711
229,5977873.0,1.0,2017-07-25,4.0,9457200.504942238,2017-07-25,,,2017-07-25,1.0,20.16349206349207,0,20170725
230,2585332.0,1.0,2017-08-13,4.0,4561740.609788635,2017-08-13,,,2017-08-13,1.0,20.604615384615386,0,20170813
231,318476.0,1.0,2017-07-02,4.0,8816607.208475208,2017-07-02,,,2017-07-02,1.0,23.966153846153844,0,20170702
232,4150053.0,1.0,2017-05-29,4.0,5300879.64910669,2017-05-29,Memorial Day,1.0,2017-05-29,1.0,19.136764705882356,3,20170529
233,4175384.0,1.0,2017-02-13,3.0,1789863.8031147956,2017-02-13,,,2017-02-13,1.0,1.033846153846154,0,20170213
234,7367446.0,1.0,2017-03-20,3.0,1333916.5701205223,2017-03-20,,,2017-03-20,1.0,2.823456790123456,0,20170320
235,4921133.0,1.0,2017-06-23,4.0,2248340.065105672,2017-06-23,,,2017-06-23,1.0,22.52676056338028,0,20170623
236,7187054.0,1.0,2016-11-26,3.0,908142.5314006684,2016-11-26,,,2016-11-26,1.0,3.852380952380952,0,20161126
237,3153034.0,1.0,2016-11-29,3.0,946996.5325067369,2016-11-29,,,2016-11-29,1.0,10.531428571428574,0,20161129
238,4846263.0,1.0,2017-01-15,3.0,8404667.933204023,2017-01-15,,,2017-01-15,1.0,-3.5531250000000005,0,20170115
239,664249.0,1.0,2017-02-08,3.0,7319158.123133102,2017-02-08,,,2017-02-08,1.0,-1.907692307692308,0,20170208
240,6963769.0,1.0,2016-10-24,3.0,1725565.7572243516,2016-10-24,,,2016-10-24,1.0,8.818749999999996,0,20161024
241,3763548.0,1.0,2016-11-21,3.0,1008719.5814651962,2016-11-21,,,2016-11-21,1.0,-0.3015873015873015,0,20161121
242,5308993.0,1.0,2017-01-29,3.0,1731850.6835618825,2017-01-29,,,2017-01-29,1.0,-3.1705128205128204,0,20170129
243,777004.0,1.0,2016-10-29,3.0,1528903.833952941,2016-10-29,,,2016-10-29,1.0,16.607936507936508,0,20161029
244,1876521.0,1.0,2016-12-05,3.0,1002979.9299473652,2016-12-05,,,2016-12-05,1.0,2.134920634920634,0,20161205
245,2767475.0,1.0,2016-12-24,3.0,1546351.8356327326,2016-12-24,Christmas Eve,1.0,2016-12-24,1.0,2.1530303030303033,0,20161224
246,1811029.0,1.0,2016-04-11,3.0,5693591.646578569,2016-04-11,,,2016-04-11,1.0,8.936986301369863,0,20160411
247,6368125.0,1.0,2016-04-19,3.0,8624178.298011962,2016-04-19,,,2016-04-19,1.0,9.228333333333335,0,20160419
248,5148535.0,1.0,2016-05-22,3.0,9027866.328882135,2016-05-22,,,2016-05-22,1.0,15.386666666666667,0,20160522
249,3676078.0,1.0,2016-09-20,3.0,8212397.5328627825,2016-09-20,,,2016-09-20,1.0,21.417187499999994,0,20160920
250,5924402.0,1.0,2016-10-07,3.0,8946007.739125276,2016-10-07,,,2016-10-07,1.0,19.80746268656716,0,20161007
251,6913872.0,1.0,2016-06-22,3.0,6291270.705164352,2016-06-22,,,2016-06-22,1.0,22.073770491803284,0,20160622
252,4138897.0,1.0,2016-09-03,3.0,1263275.741698015,2016-09-03,,,2016-09-03,1.0,18.740322580645167,0,20160903
253,614714.0,1.0,2016-06-06,3.0,7978664.0548072625,2016-06-06,,,2016-06-06,1.0,21.35932203389831,0,20160606
254,7590966.0,1.0,2016-09-08,3.0,1639192.799192766,2016-09-08,,,2016-09-08,1.0,25.31830985915493,0,20160908
255,1711574.0,1.0,2016-08-23,3.0,1726602.4134222697,2016-08-23,,,2016-08-23,1.0,21.572580645161295,0,20160823
256,5805344.0,1.0,2015-11-03,2.0,7432507.918828861,2015-11-03,,,2015-11-03,1.0,13.572268907563027,0,20151103
257,5757854.0,1.0,2015-05-11,1.0,6741054.272064429,2015-05-11,,,2015-05-11,1.0,19.39558823529412,0,20150511
258,3369960.0,1.0,2015-05-30,1.0,7973950.756329417,2015-05-30,,,2015-05-30,1.0,17.510227272727278,0,20150530
259,5498748.0,1.0,2015-06-13,1.0,9016795.189410638,2015-06-13,,,2015-06-13,1.0,17.41846153846154,0,20150613
260,1659338.0,1.0,2015-06-21,1.0,3162421.970777898,2015-06-21,,,2015-06-21,1.0,24.427118644067804,0,20150621
261,4722719.0,1.0,2015-06-22,1.0,8033470.5145919975,2015-06-22,,,2015-06-22,1.0,24.41142857142857,0,20150622
262,4981725.0,1.0,2015-07-13,1.0,7757197.675093767,2015-07-13,,,2015-07-13,1.0,22.223437500000006,0,20150713
263,2577489.0,1.0,2015-08-24,1.0,7640065.827886952,2015-08-24,,,2015-08-24,1.0,18.64032258064516,0,20150824
264,543796.0,1.0,2015-05-01,1.0,5948074.099604655,2015-05-01,,,2015-05-01,1.0,13.310169491525427,0,20150501
265,6306690.0,1.0,2015-06-20,1.0,3815935.427289625,2015-06-20,,,2015-06-20,1.0,19.298387096774192,0,20150620
266,1702458.0,1.0,2015-12-22,2.0,6011784.865493068,2015-12-22,,,2015-12-22,1.0,8.079032258064519,0,20151222
267,5141665.0,1.0,2016-01-10,2.0,8658004.358048007,2016-01-10,,,2016-01-10,1.0,-2.675675675675676,0,20160110
268,7272884.0,1.0,2016-01-20,2.0,7280527.621299063,2016-01-20,,,2016-01-20,1.0,-8.155223880597019,0,20160120
269,5867335.0,1.0,2016-01-22,2.0,9113783.570312954,2016-01-22,,,2016-01-22,1.0,-4.6952380952380945,0,20160122
270,2956602.0,1.0,2016-01-19,2.0,8296692.423194872,2016-01-19,,,2016-01-19,1.0,-9.008333333333333,0,20160119
271,301873.0,1.0,2015-12-26,2.0,4839901.304839952,2015-12-26,,,2015-12-26,1.0,4.956944444444444,0,20151226
272,3713002.0,1.0,2015-12-24,2.0,2652600.3175162845,2015-12-24,Christmas Eve,1.0,2015-12-24,1.0,6.995081967213116,0,20151224
273,5653172.0,1.0,2016-04-06,3.0,1917711.727119816,2016-04-06,,,2016-04-06,1.0,6.87887323943662,0,20160406
274,3729193.0,1.0,2016-04-04,3.0,2446064.798745131,2016-04-04,,,2016-04-04,1.0,-1.9453125,0,20160404
276,1806487.0,1.0,2015-11-04,2.0,8117433.326218482,2015-11-04,,,2015-11-04,1.0,15.110924369747893,0,20151104
277,1065012.0,1.0,2015-12-08,2.0,8164376.098850509,2015-12-08,,,2015-12-08,1.0,4.584466019417475,0,20151208
278,3038908.0,1.0,2016-01-23,2.0,7876052.527326788,2016-01-23,,,2016-01-23,1.0,-4.531666666666666,0,20160123
279,3306743.0,1.0,2016-05-31,3.0,7901866.693246048,2016-05-31,,,2016-05-31,1.0,20.542168674698797,0,20160531
280,2963291.0,1.0,2016-06-23,3.0,4278047.911479315,2016-06-23,,,2016-06-23,1.0,20.380882352941185,0,20160623
281,7455986.0,1.0,2016-07-12,3.0,1644292.0698176934,2016-07-12,,,2016-07-12,1.0,26.701492537313428,0,20160712
282,3168874.0,1.0,2015-08-05,1.0,7894951.689173543,2015-08-05,,,2015-08-05,1.0,20.074137931034482,0,20150805
283,4078227.0,1.0,2015-08-13,1.0,8055623.09669292,2015-08-13,,,2015-08-13,1.0,23.62833333333333,0,20150813
284,5636991.0,1.0,2015-11-28,2.0,2288777.582330578,2015-11-28,,,2015-11-28,1.0,0.674814814814815,0,20151128
285,2270954.0,1.0,2016-04-17,3.0,2057203.8046873843,2016-04-17,,,2016-04-17,1.0,14.091525423728811,0,20160417
286,2525187.0,1.0,2017-02-10,3.0,3032071.9644970163,2017-02-10,,,2017-02-10,1.0,-2.5647058823529405,0,20170210
287,2498577.0,1.0,2017-02-09,3.0,5936741.418431847,2017-02-09,,,2017-02-09,1.0,-7.181690140845071,0,20170209
288,5465964.0,1.0,2016-11-12,3.0,947344.4622245395,2016-11-12,,,2016-11-12,1.0,4.775806451612904,0,20161112
289,4732023.0,1.0,2016-12-18,3.0,969295.7364705169,2016-12-18,,,2016-12-18,1.0,-7.602941176470589,0,20161218
290,256507.0,1.0,2017-03-08,3.0,880633.099726557,2017-03-08,,,2017-03-08,1.0,7.232499999999999,0,20170308
291,5445033.0,1.0,2017-02-23,3.0,1016254.3601147431,2017-02-23,,,2017-02-23,1.0,10.204411764705881,0,20170223
292,3575895.0,1.0,2016-08-25,3.0,2965224.283294108,2016-08-25,,,2016-08-25,1.0,25.507462686567173,0,20160825
293,5672552.0,1.0,2016-09-14,3.0,2788608.342602165,2016-09-14,,,2016-09-14,1.0,18.69696969696969,0,20160914
294,797464.0,1.0,2017-01-05,3.0,7300173.3658204675,2017-01-05,,,2017-01-05,1.0,-9.701234567901237,0,20170105
295,1147726.0,1.0,2017-02-22,3.0,1024183.8289680849,2017-02-22,,,2017-02-22,1.0,12.926153846153849,0,20170222
296,7858028.0,1.0,2017-05-20,4.0,8735686.998640623,2017-05-20,,,2017-05-20,1.0,13.549382716049381,0,20170520
297,4567242.0,1.0,2017-07-28,4.0,8998795.572506268,2017-07-28,,,2017-07-28,1.0,20.073846153846148,0,20170728
298,6819109.0,1.0,2017-06-20,4.0,2613505.3810247667,2017-06-20,,,2017-06-20,1.0,19.15735294117647,0,20170620
299,7554935.0,1.0,2017-08-05,4.0,2060587.9957922087,2017-08-05,,,2017-08-05,1.0,19.4484375,0,20170805
300,7461784.0,1.0,2017-06-29,4.0,7310147.615247683,2017-06-29,,,2017-06-29,1.0,26.026865671641797,0,20170629
301,129197.0,1.0,2017-07-21,4.0,3239014.0617311145,2017-07-21,,,2017-07-21,1.0,25.522727272727266,0,20170721
302,3709049.0,1.0,2017-06-27,4.0,2826225.172205978,2017-06-27,,,2017-06-27,1.0,17.580000000000002,0,20170627
303,1813471.0,1.0,2017-08-07,4.0,2276668.994110553,2017-08-07,,,2017-08-07,1.0,19.865573770491807,0,20170807
304,1277044.0,1.0,2015-02-05,1.0,2526163.133597116,2015-02-05,,,2015-02-05,1.0,-12.158333333333335,0,20150205
305,1573029.0,1.0,2015-02-24,1.0,7352770.194504439,2015-02-24,,,2015-02-24,1.0,-9.656521739130435,0,20150224
306,3033800.0,1.0,2014-10-27,1.0,4604386.965563693,2014-10-27,,,2014-10-27,1.0,14.248333333333333,0,20141027
307,4085205.0,1.0,2015-03-08,1.0,2564421.1366444426,2015-03-08,,,2015-03-08,1.0,1.2915254237288134,0,20150308
308,6444458.0,1.0,2014-12-20,1.0,1636516.3557826974,2014-12-20,,,2014-12-20,1.0,-1.923333333333334,0,20141220
309,3605172.0,1.0,2015-01-10,1.0,2363022.1383768884,2015-01-10,,,2015-01-10,1.0,-12.166666666666668,0,20150110
310,2006999.0,1.0,2014-10-12,1.0,1598188.6082816885,2014-10-12,,,2014-10-12,1.0,9.91372549019608,0,20141012
311,4921387.0,1.0,2015-01-20,1.0,1632727.171316148,2015-01-20,,,2015-01-20,1.0,-3.778947368421053,0,20150120
312,471087.0,1.0,2014-11-25,1.0,2010087.463471762,2014-11-25,,,2014-11-25,1.0,-0.3412698412698413,0,20141125
313,98726.0,1.0,2014-12-02,1.0,2106205.623804266,2014-12-02,,,2014-12-02,1.0,-1.0833333333333333,0,20141202
314,2955450.0,1.0,2015-03-20,1.0,3820540.938884505,2015-03-20,,,2015-03-20,1.0,4.206896551724136,0,20150320
315,2385778.0,1.0,2015-05-10,1.0,9111646.853868317,2015-05-10,,,2015-05-10,1.0,16.236904761904757,0,20150510
316,2857242.0,1.0,2015-05-19,1.0,8962285.539829357,2015-05-19,,,2015-05-19,1.0,11.098333333333333,0,20150519
317,7701482.0,1.0,2015-05-29,1.0,9800157.760217708,2015-05-29,,,2015-05-29,1.0,21.260317460317463,0,20150529
318,1795161.0,1.0,2015-07-10,1.0,8209520.574148377,2015-07-10,,,2015-07-10,1.0,20.45593220338983,0,20150710
319,413598.0,1.0,2015-03-11,1.0,6746605.296537072,2015-03-11,,,2015-03-11,1.0,4.5,0,20150311
320,67388.0,1.0,2015-06-02,1.0,8437853.612347163,2015-06-02,,,2015-06-02,1.0,14.467796610169492,0,20150602
321,7603850.0,1.0,2015-08-02,1.0,2798093.5883029937,2015-08-02,,,2015-08-02,1.0,24.274193548387093,0,20150802
322,7097834.0,1.0,2015-04-04,1.0,1370597.3974538909,2015-04-04,,,2015-04-04,1.0,3.9,0,20150404
324,5102980.0,1.0,2014-10-30,1.0,6000521.928773942,2014-10-30,,,2014-10-30,1.0,7.815151515151514,0,20141030
325,744519.0,1.0,2014-09-03,1.0,909655.5105152141,2014-09-03,,,2014-09-03,1.0,21.45964912280701,0,20140903
326,5381768.0,1.0,2015-01-07,1.0,5604799.824085174,2015-01-07,,,2015-01-07,1.0,-13.617460317460313,0,20150107
327,5339514.0,1.0,2015-01-04,1.0,3812401.4441195056,2015-01-04,,,2015-01-04,1.0,-1.196629213483146,0,20150104
328,5616386.0,1.0,2014-10-06,1.0,1540116.047433023,2014-10-06,,,2014-10-06,1.0,11.73387096774193,0,20141006
329,3698444.0,1.0,2014-12-16,1.0,1721154.420528929,2014-12-16,,,2014-12-16,1.0,5.770588235294117,0,20141216
330,3966307.0,1.0,2015-01-16,1.0,1686645.181867041,2015-01-16,,,2015-01-16,1.0,-5.8533333333333335,0,20150116
331,1986395.0,1.0,2014-12-31,1.0,2565130.4694404188,2014-12-31,New Years Eve,1.0,2014-12-31,1.0,-7.161702127659576,16,20141231
332,17820.0,1.0,2014-12-07,1.0,1606825.8248297859,2014-12-07,,,2014-12-07,1.0,-0.39830508474576265,0,20141207
333,5680180.0,1.0,2017-06-09,4.0,7641692.934289343,2017-06-09,,,2017-06-09,1.0,19.48,0,20170609
334,6055353.0,1.0,2017-08-01,4.0,7452632.371844225,2017-08-01,,,2017-08-01,1.0,25.135294117647057,0,20170801
335,7763831.0,1.0,2017-07-10,4.0,9257077.513156833,2017-07-10,,,2017-07-10,1.0,20.878571428571426,0,20170710
336,5215821.0,1.0,2017-07-19,4.0,5466563.939234502,2017-07-19,,,2017-07-19,1.0,25.726984126984128,0,20170719
337,472163.0,1.0,2017-08-12,4.0,1742115.00651237,2017-08-12,,,2017-08-12,1.0,20.32835820895523,0,20170812
338,2861985.0,1.0,2017-06-25,4.0,1845013.437313673,2017-06-25,,,2017-06-25,1.0,17.376119402985076,0,20170625
339,5469315.0,1.0,2017-03-16,3.0,5821338.916656115,2017-03-16,,,2017-03-16,1.0,-1.24,0,20170316
340,7017655.0,1.0,2017-02-25,3.0,941431.2421231123,2017-02-25,,,2017-02-25,1.0,-0.3155844155844154,0,20170225
341,3514238.0,1.0,2017-05-22,4.0,7902457.143450519,2017-05-22,,,2017-05-22,1.0,15.963636363636365,0,20170522
342,6734023.0,1.0,2017-03-09,3.0,967212.1209167502,2017-03-09,,,2017-03-09,1.0,2.752941176470588,0,20170309
343,5157853.0,1.0,2017-03-19,3.0,996253.552920048,2017-03-19,,,2017-03-19,1.0,2.092647058823529,0,20170319
344,4854228.0,1.0,2017-03-01,3.0,1070261.1363339587,2017-03-01,,,2017-03-01,1.0,5.967816091954021,0,20170301
345,3197100.0,1.0,2017-03-02,3.0,1136422.4687085813,2017-03-02,,,2017-03-02,1.0,-2.7347222222222216,0,20170302
346,1693017.0,1.0,2017-02-16,3.0,1446627.5700245958,2017-02-16,,,2017-02-16,1.0,-1.9203125,0,20170216
347,79679.0,1.0,2017-01-18,3.0,4229775.2389236605,2017-01-18,,,2017-01-18,1.0,2.851470588235294,0,20170118
348,1756659.0,1.0,2017-02-18,3.0,1005231.566230458,2017-02-18,,,2017-02-18,1.0,10.798437500000002,0,20170218
349,5673097.0,1.0,2015-12-03,2.0,6702306.4727401035,2015-12-03,,,2015-12-03,1.0,3.945161290322581,0,20151203
350,2802373.0,1.0,2015-12-02,2.0,8127008.922688855,2015-12-02,,,2015-12-02,1.0,2.3119402985074617,0,20151202
351,7050710.0,1.0,2015-07-16,1.0,7969578.254613887,2015-07-16,,,2015-07-16,1.0,19.188333333333336,0,20150716
352,2001658.0,1.0,2015-06-05,1.0,5662246.269951916,2015-06-05,,,2015-06-05,1.0,19.25,0,20150605
353,5481049.0,1.0,2015-07-09,1.0,8599780.420032827,2015-07-09,,,2015-07-09,1.0,18.68955223880597,0,20150709
354,5646788.0,1.0,2015-07-14,1.0,8098783.025263276,2015-07-14,,,2015-07-14,1.0,22.11944444444445,0,20150714
355,5424559.0,1.0,2015-08-22,1.0,9223804.653446587,2015-08-22,,,2015-08-22,1.0,20.627118644067792,0,20150822
356,389453.0,1.0,2015-06-23,1.0,8174675.294027838,2015-06-23,,,2015-06-23,1.0,22.71129032258065,0,20150623
357,6562099.0,1.0,2015-11-07,2.0,2843062.117365437,2015-11-07,,,2015-11-07,1.0,7.540909090909095,0,20151107
358,7015309.0,1.0,2015-12-12,2.0,2580289.5849584457,2015-12-12,,,2015-12-12,1.0,10.404545454545458,0,20151212
359,296628.0,1.0,2016-04-12,3.0,7083306.949847583,2016-04-12,,,2016-04-12,1.0,3.90655737704918,0,20160412
360,4827281.0,1.0,2016-04-27,3.0,6925865.978614684,2016-04-27,,,2016-04-27,1.0,8.167796610169491,0,20160427
361,3145863.0,1.0,2016-05-27,3.0,4536835.499419079,2016-05-27,,,2016-05-27,1.0,23.175409836065565,0,20160527
362,6354475.0,1.0,2016-04-05,3.0,2052066.4916331759,2016-04-05,,,2016-04-05,1.0,-1.293548387096774,0,20160405
363,1815382.0,1.0,2016-05-05,3.0,6726557.728856388,2016-05-05,,,2016-05-05,1.0,12.566666666666665,0,20160505
364,4998056.0,1.0,2016-07-04,3.0,1738732.4005087656,2016-07-04,Independence Day,1.0,2016-07-04,1.0,21.491935483870968,7,20160704
365,4727092.0,1.0,2016-08-18,3.0,1560820.6395694248,2016-08-18,,,2016-08-18,1.0,23.611111111111107,0,20160818
366,3848576.0,1.0,2016-07-27,3.0,2379899.5036174585,2016-07-27,,,2016-07-27,1.0,26.084375,0,20160727
367,6123417.0,1.0,2016-06-28,3.0,2699949.6686112555,2016-06-28,,,2016-06-28,1.0,18.63787878787879,0,20160628
368,1489193.0,1.0,2016-07-31,3.0,1968045.823812156,2016-07-31,,,2016-07-31,1.0,23.36989247311828,0,20160731
369,4451896.0,1.0,2015-03-31,1.0,5050317.943948418,2015-03-31,,,2015-03-31,1.0,2.7489130434782605,0,20150331
370,4455569.0,1.0,2015-03-10,1.0,7183092.241852691,2015-03-10,,,2015-03-10,1.0,3.1258064516129034,0,20150310
371,3655210.0,1.0,2015-03-24,1.0,6335300.854304521,2015-03-24,,,2015-03-24,1.0,-2.394915254237288,0,20150324
372,5874404.0,1.0,2015-04-28,1.0,7246926.645636268,2015-04-28,,,2015-04-28,1.0,9.183333333333334,0,20150428
373,2755674.0,1.0,2015-05-20,1.0,6946842.415610325,2015-05-20,,,2015-05-20,1.0,9.598360655737707,0,20150520
374,4544125.0,1.0,2015-02-28,1.0,2403080.0238595908,2015-02-28,,,2015-02-28,1.0,-9.949514563106801,0,20150228
375,4199739.0,1.0,2015-02-09,1.0,3797910.448765732,2015-02-09,,,2015-02-09,1.0,-7.386153846153845,0,20150209
376,2906340.0,1.0,2015-03-07,1.0,2627776.839859562,2015-03-07,,,2015-03-07,1.0,-0.19473684210526315,0,20150307
377,5910856.0,1.0,2015-03-23,1.0,4397699.277075415,2015-03-23,,,2015-03-23,1.0,-3.355844155844157,0,20150323
378,500566.0,1.0,2015-05-03,1.0,1511823.5757562032,2015-05-03,,,2015-05-03,1.0,19.23859649122807,0,20150503
379,3307416.0,1.0,2016-10-02,3.0,9589295.707666406,2016-10-02,,,2016-10-02,1.0,15.18529411764706,0,20161002
380,5597006.0,1.0,2016-12-01,3.0,962471.8757181659,2016-12-01,,,2016-12-01,1.0,3.782894736842105,0,20161201
381,1366638.0,1.0,2016-12-02,3.0,966214.2996987236,2016-12-02,,,2016-12-02,1.0,3.252380952380951,0,20161202
382,5950199.0,1.0,2016-10-12,3.0,6928713.612956517,2016-10-12,,,2016-10-12,1.0,17.701428571428572,0,20161012
383,6932442.0,1.0,2016-12-17,3.0,955384.8881632852,2016-12-17,,,2016-12-17,1.0,-3.6074074074074085,0,20161217
384,3055337.0,1.0,2016-09-17,3.0,5047100.1884717,2016-09-17,,,2016-09-17,1.0,20.80845070422535,0,20160917
385,6008197.0,1.0,2016-10-18,3.0,2831795.217893264,2016-10-18,,,2016-10-18,1.0,21.001492537313442,0,20161018
386,6553541.0,1.0,2016-09-13,3.0,1581724.9544595531,2016-09-13,,,2016-09-13,1.0,22.0328125,0,20160913
387,6886806.0,1.0,2016-11-22,3.0,1010075.635558956,2016-11-22,,,2016-11-22,1.0,-0.8603448275862071,0,20161122
389,5944420.0,1.0,2015-03-28,1.0,7334856.9656165615,2015-03-28,,,2015-03-28,1.0,-4.06031746031746,0,20150328
390,4339052.0,1.0,2014-09-22,1.0,5537999.695918866,2014-09-22,,,2014-09-22,1.0,11.917543859649124,0,20140922
391,6426698.0,1.0,2015-06-11,1.0,7769898.298619485,2015-06-11,,,2015-06-11,1.0,18.83650793650793,0,20150611
392,3762684.0,1.0,2015-06-15,1.0,9533169.651115973,2015-06-15,,,2015-06-15,1.0,23.50657894736841,0,20150615
393,3601235.0,1.0,2015-07-06,1.0,5220730.591015663,2015-07-06,,,2015-07-06,1.0,22.895,0,20150706
394,192544.0,1.0,2015-08-04,1.0,8237161.569223754,2015-08-04,,,2015-08-04,1.0,22.049152542372884,0,20150804
395,7854235.0,1.0,2015-05-21,1.0,6274221.356441407,2015-05-21,,,2015-05-21,1.0,13.779661016949152,0,20150521
396,4838030.0,1.0,2015-04-09,1.0,1951862.7329059718,2015-04-09,,,2015-04-09,1.0,9.885057471264368,0,20150409
397,7635172.0,1.0,2015-07-02,1.0,4348544.4956907965,2015-07-02,,,2015-07-02,1.0,17.96440677966102,0,20150702
398,7481186.0,1.0,2015-06-08,1.0,7407773.206840461,2015-06-08,,,2015-06-08,1.0,21.105882352941173,0,20150608
399,2966199.0,1.0,2016-06-04,3.0,8944824.461064503,2016-06-04,,,2016-06-04,1.0,20.5890625,0,20160604
400,3114796.0,1.0,2016-06-08,3.0,8247262.626748578,2016-06-08,,,2016-06-08,1.0,15.419999999999998,0,20160608
401,3162586.0,1.0,2015-10-30,2.0,4207676.550264218,2015-10-30,,,2015-10-30,1.0,8.385937500000002,0,20151030
402,4220197.0,1.0,2016-06-18,3.0,9025983.228632703,2016-06-18,,,2016-06-18,1.0,23.9125,0,20160618
403,6710568.0,1.0,2016-04-30,3.0,1887760.4470162047,2016-04-30,,,2016-04-30,1.0,8.775714285714281,0,20160430
404,7187119.0,1.0,2016-07-01,3.0,1905638.0111266319,2016-07-01,,,2016-07-01,1.0,19.813043478260873,0,20160701
405,4734088.0,1.0,2016-07-02,3.0,1788164.5746068931,2016-07-02,,,2016-07-02,1.0,19.30322580645161,0,20160702
406,4923720.0,1.0,2016-07-16,3.0,4132403.2635260895,2016-07-16,,,2016-07-16,1.0,19.5453125,0,20160716
407,3602719.0,1.0,2016-08-14,3.0,1230090.855105485,2016-08-14,,,2016-08-14,1.0,23.589705882352945,0,20160814
408,375770.0,1.0,2016-06-30,3.0,2546440.5409547114,2016-06-30,,,2016-06-30,1.0,22.971910112359552,0,20160630
409,4094770.0,1.0,2017-03-07,3.0,917748.2447942216,2017-03-07,,,2017-03-07,1.0,9.733783783783784,0,20170307
410,134407.0,1.0,2017-03-17,3.0,3418553.721623455,2017-03-17,,,2017-03-17,1.0,-0.07951807228915662,0,20170317
411,274424.0,1.0,2017-06-02,4.0,8165534.015291763,2017-06-02,,,2017-06-02,1.0,18.309375,0,20170602
412,6723313.0,1.0,2017-06-26,4.0,2063823.9799329576,2017-06-26,,,2017-06-26,1.0,16.74126984126984,0,20170626
413,5466627.0,1.0,2017-01-28,3.0,1723414.7748687326,2017-01-28,,,2017-01-28,1.0,-1.9961038961038968,0,20170128
414,7834574.0,1.0,2017-05-30,4.0,5762824.112567054,2017-05-30,,,2017-05-30,1.0,18.78205128205128,0,20170530
415,1129469.0,1.0,2017-02-15,3.0,1598300.3579177025,2017-02-15,,,2017-02-15,1.0,-2.050724637681159,0,20170215
416,2549239.0,1.0,2017-06-24,4.0,1891276.994072904,2017-06-24,,,2017-06-24,1.0,20.956923076923076,0,20170624
417,3204382.0,1.0,2017-07-17,4.0,3045208.490858249,2017-07-17,,,2017-07-17,1.0,20.38461538461538,0,20170717
419,3914729.0,1.0,2016-10-15,3.0,1664968.9226827438,2016-10-15,,,2016-10-15,1.0,16.815625,0,20161015
420,3463307.0,1.0,2016-08-20,3.0,1523082.5497222769,2016-08-20,,,2016-08-20,1.0,24.248,0,20160820
421,7853366.0,1.0,2016-09-15,3.0,2264243.3856465165,2016-09-15,,,2016-09-15,1.0,17.585483870967742,0,20160915
422,7253620.0,1.0,2016-11-02,3.0,1665301.0013883458,2016-11-02,,,2016-11-02,1.0,14.316250000000002,0,20161102
423,7467943.0,1.0,2016-11-05,3.0,1087977.8126705505,2016-11-05,,,2016-11-05,1.0,11.442424242424245,0,20161105
424,6998701.0,1.0,2016-12-22,3.0,2810032.5706924726,2016-12-22,,,2016-12-22,1.0,0.8138461538461537,0,20161222
425,2346214.0,1.0,2016-09-04,3.0,1282780.4122108323,2016-09-04,,,2016-09-04,1.0,20.173437499999995,0,20160904
426,2821590.0,1.0,2017-01-07,3.0,1818395.6250758446,2017-01-07,,,2017-01-07,1.0,-11.143902439024387,0,20170107
427,2264811.0,1.0,2016-08-27,3.0,1510339.9210142288,2016-08-27,,,2016-08-27,1.0,22.943661971830988,0,20160827
428,2994483.0,1.0,2017-01-01,3.0,2163476.1234355816,2017-01-01,New year,1.0,2017-01-01,1.0,-0.8242424242424242,11,20170101
429,4987435.0,1.0,2017-08-10,4.0,2125743.5814427044,2017-08-10,,,2017-08-10,1.0,22.69384615384615,0,20170810
430,218824.0,1.0,2017-08-11,4.0,1854448.7523260696,2017-08-11,,,2017-08-11,1.0,22.03768115942029,0,20170811
431,1809989.0,1.0,2017-08-17,4.0,2220409.789057635,2017-08-17,,,2017-08-17,1.0,23.879220779220773,0,20170817
432,3513640.0,1.0,2014-09-28,1.0,4677117.749944847,2014-09-28,,,2014-09-28,1.0,17.477611940298505,0,20140928
433,4890933.0,1.0,2015-02-10,1.0,5858242.450710903,2015-02-10,,,2015-02-10,1.0,-8.125757575757575,0,20150210
434,4800146.0,1.0,2014-11-15,1.0,5387707.531188432,2014-11-15,,,2014-11-15,1.0,-1.5322033898305083,0,20141115
435,5110727.0,1.0,2015-02-12,1.0,2602928.000583318,2015-02-12,,,2015-02-12,1.0,-12.422950819672135,0,20150212
436,7723280.0,1.0,2015-01-22,1.0,1627133.3491105626,2015-01-22,,,2015-01-22,1.0,-4.0180327868852475,0,20150122
437,3758620.0,1.0,2015-01-15,1.0,1752651.1743220969,2015-01-15,,,2015-01-15,1.0,-6.340322580645162,0,20150115
438,3824664.0,1.0,2014-12-24,1.0,1563125.376743389,2014-12-24,Christmas Eve,1.0,2014-12-24,1.0,6.301136363636362,0,20141224
439,720788.0,1.0,2014-09-29,1.0,2470595.032676143,2014-09-29,,,2014-09-29,1.0,19.50740740740741,0,20140929
440,1380623.0,1.0,2015-02-22,1.0,2079809.7257372453,2015-02-22,,,2015-02-22,1.0,-7.863235294117646,0,20150222
442,2171458.0,1.0,2016-04-20,3.0,7643222.556966698,2016-04-20,,,2016-04-20,1.0,11.301694915254235,0,20160420
443,4906286.0,1.0,2015-11-22,2.0,6192881.887334116,2015-11-22,,,2015-11-22,1.0,-2.858015267175573,0,20151122
444,5018967.0,1.0,2016-01-12,2.0,9368397.586740304,2016-01-12,,,2016-01-12,1.0,-7.027692307692307,0,20160112
445,5812169.0,1.0,2015-04-20,1.0,6156895.3343351325,2015-04-20,,,2015-04-20,1.0,12.324615384615386,0,20150420
446,6060697.0,1.0,2015-11-08,2.0,4897335.069896934,2015-11-08,,,2015-11-08,1.0,5.455639097744363,0,20151108
447,7503722.0,1.0,2015-11-26,2.0,2139222.4896674696,2015-11-26,Thanksgiving Day,1.0,2015-11-26,1.0,13.026119402985074,8,20151126
448,6503753.0,1.0,2015-12-19,2.0,2796934.086760521,2015-12-19,,,2015-12-19,1.0,-2.6461538461538456,0,20151219
449,5714757.0,1.0,2015-11-15,2.0,5695298.008041961,2015-11-15,,,2015-11-15,1.0,10.976515151515148,0,20151115
450,5909325.0,1.0,2016-04-07,3.0,1911214.397218797,2016-04-07,,,2016-04-07,1.0,2.7328125,0,20160407
451,6283689.0,1.0,2016-01-01,2.0,2120533.3537323726,2016-01-01,New year,1.0,2016-01-01,1.0,-2.519047619047619,11,20160101
452,489242.0,1.0,2015-08-15,1.0,3009356.6714629717,2015-08-15,,,2015-08-15,1.0,23.315555555555548,0,20150815
453,2572804.0,1.0,2014-09-11,1.0,1720502.1513768754,2014-09-11,,,2014-09-11,1.0,13.513333333333332,0,20140911
454,1085235.0,1.0,2014-09-15,1.0,1226753.4244866522,2014-09-15,,,2014-09-15,1.0,13.340579710144926,0,20140915
455,4703623.0,1.0,2014-10-07,1.0,1815696.197698085,2014-10-07,,,2014-10-07,1.0,11.4171875,0,20141007
457,2673687.0,1.0,2017-01-12,3.0,6572288.5451648235,2017-01-12,,,2017-01-12,1.0,-0.3620689655172414,0,20170112
458,6900270.0,1.0,2016-12-06,3.0,932824.9350488059,2016-12-06,,,2016-12-06,1.0,3.2707317073170725,0,20161206
459,5592836.0,1.0,2016-12-08,3.0,998368.0779476056,2016-12-08,,,2016-12-08,1.0,-2.128275862068965,0,20161208
460,4360270.0,1.0,2016-11-25,3.0,900311.3388229705,2016-11-25,Thanksgiving Friday,1.0,2016-11-25,1.0,4.655072463768118,0,20161125
461,7728329.0,1.0,2017-02-26,3.0,919898.4345992306,2017-02-26,,,2017-02-26,1.0,1.3558823529411763,0,20170226
462,7137603.0,1.0,2017-03-12,3.0,2542670.377702804,2017-03-12,,,2017-03-12,1.0,-4.590163934426228,0,20170312
463,4041676.0,1.0,2017-02-21,3.0,1082641.569413224,2017-02-21,,,2017-02-21,1.0,7.690277777777778,0,20170221
464,4399621.0,1.0,2017-03-10,3.0,1194636.8961164416,2017-03-10,,,2017-03-10,1.0,-4.953731343283581,0,20170310
465,881301.0,1.0,2016-11-28,3.0,1020059.3955934931,2016-11-28,,,2016-11-28,1.0,7.7200000000000015,0,20161128
466,2375722.0,1.0,2017-02-27,3.0,1041864.0479766148,2017-02-27,,,2017-02-27,1.0,5.286301369863012,0,20170227
467,3307854.0,1.0,2015-11-06,2.0,4849823.245926907,2015-11-06,,,2015-11-06,1.0,13.15037037037037,0,20151106
468,1874524.0,1.0,2016-01-11,2.0,8969462.481878478,2016-01-11,,,2016-01-11,1.0,-8.624,0,20160111
469,5023765.0,1.0,2016-01-21,2.0,8165083.846545264,2016-01-21,,,2016-01-21,1.0,-4.913114754098361,0,20160121
470,5736752.0,1.0,2016-01-13,2.0,7502951.40214947,2016-01-13,,,2016-01-13,1.0,-9.250746268656721,0,20160113
471,7514219.0,1.0,2016-04-10,3.0,2009185.540877549,2016-04-10,,,2016-04-10,1.0,2.0538461538461537,0,20160410
472,7536916.0,1.0,2016-04-23,3.0,2535175.226583757,2016-04-23,,,2016-04-23,1.0,7.37,0,20160423
473,6495059.0,1.0,2016-05-08,3.0,5041557.882055767,2016-05-08,,,2016-05-08,1.0,12.765517241379303,0,20160508
474,6477412.0,1.0,2015-11-27,2.0,1905964.541977964,2015-11-27,Thanksgiving Friday,1.0,2015-11-27,1.0,6.372916666666668,0,20151127
475,3150741.0,1.0,2016-01-17,2.0,2321401.343091208,2016-01-17,,,2016-01-17,1.0,-8.84647887323944,0,20160117
477,2536748.0,1.0,2017-06-10,4.0,8489819.570745554,2017-06-10,,,2017-06-10,1.0,25.1578125,0,20170610
478,2634927.0,1.0,2017-06-05,4.0,7963416.96617152,2017-06-05,,,2017-06-05,1.0,16.25671641791045,0,20170605
479,483319.0,1.0,2017-05-26,4.0,3995239.6996507873,2017-05-26,,,2017-05-26,1.0,16.031746031746028,0,20170526
480,4853931.0,1.0,2017-07-07,4.0,8392086.19226981,2017-07-07,,,2017-07-07,1.0,22.492857142857147,0,20170707
481,6857940.0,1.0,2016-09-30,3.0,8970255.825039117,2016-09-30,,,2016-09-30,1.0,15.765714285714285,0,20160930
482,7328385.0,1.0,2016-11-19,3.0,928571.3159247795,2016-11-19,,,2016-11-19,1.0,2.6158536585365857,0,20161119
483,3840493.0,1.0,2016-11-14,3.0,972207.5674117636,2016-11-14,,,2016-11-14,1.0,6.413207547169812,0,20161114
484,6090198.0,1.0,2016-09-02,3.0,1277122.3934058342,2016-09-02,,,2016-09-02,1.0,18.3140625,0,20160902
485,2901150.0,1.0,2016-11-06,3.0,1045464.6053979772,2016-11-06,,,2016-11-06,1.0,9.8027397260274,0,20161106
486,6189167.0,1.0,2016-09-09,3.0,1521881.0429974732,2016-09-09,,,2016-09-09,1.0,22.617391304347834,0,20160909
487,1570285.0,1.0,2016-11-08,3.0,1165165.109131898,2016-11-08,Election Day,1.0,2016-11-08,1.0,11.044117647058826,14,20161108
488,2924985.0,1.0,2016-10-20,3.0,2255694.934766742,2016-10-20,,,2016-10-20,1.0,12.474647887323945,0,20161020
489,1392970.0,1.0,2016-10-25,3.0,1700526.705801701,2016-10-25,,,2016-10-25,1.0,6.639344262295084,0,20161025
490,1901730.0,1.0,2016-09-16,3.0,2666057.82687458,2016-09-16,,,2016-09-16,1.0,20.4323076923077,0,20160916
491,3649612.0,1.0,2016-05-25,3.0,6762676.6378072435,2016-05-25,,,2016-05-25,1.0,24.025,0,20160525
492,1768602.0,1.0,2016-05-24,3.0,8187552.65633959,2016-05-24,,,2016-05-24,1.0,21.92033898305085,0,20160524
493,6975458.0,1.0,2016-06-27,3.0,3040663.2131097317,2016-06-27,,,2016-06-27,1.0,26.260317460317463,0,20160627
494,3446823.0,1.0,2016-08-11,3.0,1404206.2986227863,2016-08-11,,,2016-08-11,1.0,28.578787878787878,0,20160811
495,7254520.0,1.0,2016-07-28,3.0,2270087.653844872,2016-07-28,,,2016-07-28,1.0,24.31230769230769,0,20160728
496,5363049.0,1.0,2016-09-01,3.0,1277300.717293091,2016-09-01,,,2016-09-01,1.0,18.82121212121212,0,20160901
497,1556806.0,1.0,2016-06-25,3.0,1990214.2569252816,2016-06-25,,,2016-06-25,1.0,23.13125,0,20160625
498,5262419.0,1.0,2016-08-08,3.0,1155955.6710433594,2016-08-08,,,2016-08-08,1.0,22.314285714285717,0,20160808
499,2408691.0,1.0,2016-08-22,3.0,1277512.3283059685,2016-08-22,,,2016-08-22,1.0,19.590625000000006,0,20160822
500,4955771.0,1.0,2016-07-07,3.0,2022509.9017333589,2016-07-07,,,2016-07-07,1.0,24.9590909090909,0,20160707
501,2344113.0,1.0,2015-02-13,1.0,2438658.4132944085,2015-02-13,,,2015-02-13,1.0,-9.509523809523806,0,20150213
502,2277361.0,1.0,2015-04-27,1.0,5180679.045937841,2015-04-27,,,2015-04-27,1.0,6.94516129032258,0,20150427
503,7483123.0,1.0,2015-02-15,1.0,3979373.6289886143,2015-02-15,,,2015-02-15,1.0,-19.04237288135593,0,20150215
504,1068949.0,1.0,2015-03-03,1.0,7241143.403834885,2015-03-03,,,2015-03-03,1.0,-2.2421686746987954,0,20150303
505,6981218.0,1.0,2015-03-13,1.0,3284928.8962219325,2015-03-13,,,2015-03-13,1.0,3.1959459459459447,0,20150313
506,6672967.0,1.0,2015-04-03,1.0,1482668.0164650613,2015-04-03,,,2015-04-03,1.0,6.070652173913044,0,20150403
507,4694513.0,1.0,2015-02-14,1.0,2426053.688392505,2015-02-14,,,2015-02-14,1.0,-11.250000000000002,0,20150214
508,6487006.0,1.0,2015-03-09,1.0,5597187.771751149,2015-03-09,,,2015-03-09,1.0,1.4051724137931032,0,20150309
509,3840640.0,1.0,2015-04-18,1.0,2254842.942860961,2015-04-18,,,2015-04-18,1.0,12.594827586206893,0,20150418
510,1215652.0,1.0,2015-04-12,1.0,1380570.0617798874,2015-04-12,,,2015-04-12,1.0,11.065671641791043,0,20150412
511,6348748.0,1.0,2015-08-28,1.0,8092365.74297387,2015-08-28,,,2015-08-28,1.0,17.97704918032787,0,20150828
512,7600472.0,1.0,2015-05-28,1.0,7624884.124676539,2015-05-28,,,2015-05-28,1.0,19.236666666666665,0,20150528
513,3869722.0,1.0,2015-06-10,1.0,8717539.967322785,2015-06-10,,,2015-06-10,1.0,25.039772727272727,0,20150610
514,4683088.0,1.0,2015-07-20,1.0,5526524.355636256,2015-07-20,,,2015-07-20,1.0,24.719672131147536,0,20150720
515,2887210.0,1.0,2015-04-29,1.0,7634420.88616702,2015-04-29,,,2015-04-29,1.0,11.408571428571427,0,20150429
516,209697.0,1.0,2015-05-07,1.0,8496657.697408885,2015-05-07,,,2015-05-07,1.0,16.61,0,20150507
517,7244257.0,1.0,2015-06-14,1.0,9770266.71396046,2015-06-14,,,2015-06-14,1.0,22.16233766233766,0,20150614
518,5787915.0,1.0,2015-07-12,1.0,9510240.36941722,2015-07-12,,,2015-07-12,1.0,21.293650793650798,0,20150712
519,7400043.0,1.0,2015-06-18,1.0,6908414.014181842,2015-06-18,,,2015-06-18,1.0,22.527419354838706,0,20150618
520,7015597.0,1.0,2015-07-07,1.0,6093944.624481738,2015-07-07,,,2015-07-07,1.0,20.65774647887324,0,20150707
521,3021577.0,1.0,2014-11-06,1.0,5815257.675825361,2014-11-06,,,2014-11-06,1.0,6.972,0,20141106
522,2991749.0,1.0,2014-12-09,1.0,1713087.0478694427,2014-12-09,,,2014-12-09,1.0,2.2147058823529413,0,20141209
523,2524896.0,1.0,2014-12-10,1.0,1785700.5347603124,2014-12-10,,,2014-12-10,1.0,-2.696875,0,20141210
524,5539385.0,1.0,2014-10-31,1.0,3739528.0006285454,2014-10-31,,,2014-10-31,1.0,4.402150537634409,0,20141031
525,4125872.0,1.0,2014-11-02,1.0,2023956.306596662,2014-11-02,,,2014-11-02,1.0,3.5887096774193545,0,20141102
526,4674917.0,1.0,2014-12-03,1.0,2398331.853154906,2014-12-03,,,2014-12-03,1.0,0.20476190476190476,0,20141203
527,7661461.0,1.0,2015-02-03,1.0,2375462.805302516,2015-02-03,,,2015-02-03,1.0,-6.606410256410255,0,20150203
528,1787198.0,1.0,2014-11-18,1.0,1855767.4244493903,2014-11-18,,,2014-11-18,1.0,-8.593650793650793,0,20141118
529,869863.0,1.0,2014-11-17,1.0,1691792.0055285697,2014-11-17,,,2014-11-17,1.0,-4.199999999999998,0,20141117
531,330448.0,1.0,2014-09-14,1.0,1030667.6855087331,2014-09-14,,,2014-09-14,1.0,12.375700934579433,0,20140914
